/* Data correct as of March 29 2023 */

insert into Team values("Arsenal",28,22,3,3,40,69);
insert into Team values("Man City",27,19,4,4,42,61);
insert into Team values("Man United",26,15,5,6,6,50);
insert into Team values("Tottenham",28,15,4,9,12,49);
insert into Team values("Newcastle",26,12,11,3,20,47);
insert into Team values("Liverpool",26,12,6,8,18,42);
insert into Team values("Brighton",25,12,6,7,15,42);
insert into Team values("Brentford",27,10,12,5,9,42);
insert into Team values("Fulham",27,11,6,10,1,39);
insert into Team values("Chelsea",27,10,8,9,1,38);
insert into Team values("Aston Villa",27,11,5,11,-4,38);
insert into Team values("Crystal Palace",28,6,9,13,-16,27);
insert into Team values("Wolves",28,7,6,15,-19,27);
insert into Team values("Leeds",27,6,8,13,-9,26);
insert into Team values("Everton",28,6,8,14,-18,26);
insert into Team values("Nottingham",27,6,8,13,-27,26);
insert into Team values("Leicester",27,7,4,16,-9,25);
insert into Team values("West Ham",26,6,6,14,-10,24);
insert into Team values("Bournemouth",27,6,6,15,-29,24);
insert into Team values("Southampton",28,6,5,17,-23,23);

insert into TopScorer values("Erling Haaland","Man City",28);
insert into TopScorer values("Harry Kane","Tottenham",21);
insert into TopScorer values("Ivan Toney","Brentford",16);
insert into TopScorer values("Marcus Rashford","Man United",14);
insert into TopScorer values("Gabriel Martinelli","Arsenal",13);
insert into TopScorer values("Bukayo Saka","Arsenal",12);
insert into TopScorer values("Miguel Almiron","Newcastle",11);
insert into TopScorer values("Mohamed Salah","Liverpool",11);
insert into TopScorer values("Rodrigo","Leeds",11);
insert into TopScorer values("Aleksandar Mitrovic","Fulham",11);

insert into TopAssist values("Kevin de Bruyne","Man City",12);
insert into TopAssist values("Bukayo Saka","Arsenal",10);
insert into TopAssist values("Leandro Trossard","Arsenal",8);
insert into TopAssist values("Mohamed Salah","Liverpool",7);
insert into TopAssist values("Christian Eriksen","Man United",7);

insert into TopGK values("Aaron Ramsdale","Arsenal",26,12);
insert into TopGK values("Nick Pope","Newcastle",19,12);
insert into TopGK values("David de Gea","Man United",35,11);
insert into TopGK values("Alisson Becker","Liverpool",29,10);
insert into TopGK values("Ederson","Man City",25,10);